{"nm":"OTP","ddd":0,"h":500,"w":500,"meta":{"g":"@lottiefiles/toolkit-js 0.25.8"},"layers":[{"ty":4,"nm":"Otp","sr":1,"st":12,"op":312,"ip":12,"hd":false,"ddd":0,"bm":0,"hasMask":false,"ao":0,"ks":{"a":{"a":0,"k":[261.605,302,0],"ix":1},"s":{"a":1,"k":[{"o":{"x":0,"y":0},"i":{"x":1,"y":1},"s":[0,0,100],"t":12},{"o":{"x":0,"y":0},"i":{"x":1,"y":1},"s":[2.165,2.165,100],"t":13},{"o":{"x":0,"y":0},"i":{"x":1,"y":1},"s":[7.678,7.678,100],"t":14},{"o":{"x":0,"y":0},"i":{"x":1,"y":1},"s":[15.572,15.572,100],"t":15},{"o":{"x":0,"y":0},"i":{"x":1,"y":1},"s":[25.248,25.248,100],"t":16},{"o":{"x":0,"y":0},"i":{"x":1,"y":1},"s":[36.294,36.294,100],"t":17},{"o":{"x":0,"y":0},"i":{"x":1,"y":1},"s":[48.393,48.393,100],"t":18},{"o":{"x":0,"y":0},"i":{"x":1,"y":1},"s":[61.267,61.267,100],"t":19},{"o":{"x":0,"y":0},"i":{"x":1,"y":1},"s":[87.96,87.96,100],"t":21},{"o":{"x":0,"y":0},"i":{"x":1,"y":1},"s":[100,100,100],"t":22},{"o":{"x":0,"y":0},"i":{"x":1,"y":1},"s":[107.237,107.237,100],"t":23},{"o":{"x":0,"y":0},"i":{"x":1,"y":1},"s":[111.392,111.392,100],"t":24},{"o":{"x":0,"y":0},"i":{"x":1,"y":1},"s":[113.08,113.08,100],"t":25},{"o":{"x":0,"y":0},"i":{"x":1,"y":1},"s":[112.952,112.952,100],"t":26},{"o":{"x":0,"y":0},"i":{"x":1,"y":1},"s":[111.619,111.619,100],"t":27},{"o":{"x":0,"y":0},"i":{"x":1,"y":1},"s":[109.607,109.607,100],"t":28},{"o":{"x":0,"y":0},"i":{"x":1,"y":1},"s":[107.333,107.333,100],"t":29},{"o":{"x":0,"y":0},"i":{"x":1,"y":1},"s":[105.102,105.102,100],"t":30},{"o":{"x":0,"y":0},"i":{"x":1,"y":1},"s":[103.116,103.116,100],"t":31},{"o":{"x":0,"y":0},"i":{"x":1,"y":1},"s":[101.484,101.484,100],"t":32},{"o":{"x":0,"y":0},"i":{"x":1,"y":1},"s":[100.248,100.248,100],"t":33},{"o":{"x":0,"y":0},"i":{"x":1,"y":1},"s":[99.395,99.395,100],"t":34},{"o":{"x":0,"y":0},"i":{"x":1,"y":1},"s":[98.882,98.882,100],"t":35},{"o":{"x":0,"y":0},"i":{"x":1,"y":1},"s":[98.645,98.645,100],"t":36},{"o":{"x":0,"y":0},"i":{"x":1,"y":1},"s":[98.617,98.617,100],"t":37},{"o":{"x":0,"y":0},"i":{"x":1,"y":1},"s":[98.732,98.732,100],"t":38},{"o":{"x":0,"y":0},"i":{"x":1,"y":1},"s":[98.93,98.93,100],"t":39},{"o":{"x":0,"y":0},"i":{"x":1,"y":1},"s":[99.167,99.167,100],"t":40},{"o":{"x":0,"y":0},"i":{"x":1,"y":1},"s":[99.405,99.405,100],"t":41},{"o":{"x":0,"y":0},"i":{"x":1,"y":1},"s":[99.622,99.622,100],"t":42},{"o":{"x":0,"y":0},"i":{"x":1,"y":1},"s":[99.804,99.804,100],"t":43},{"o":{"x":0,"y":0},"i":{"x":1,"y":1},"s":[99.945,99.945,100],"t":44},{"o":{"x":0,"y":0},"i":{"x":1,"y":1},"s":[100.045,100.045,100],"t":45},{"o":{"x":0,"y":0},"i":{"x":1,"y":1},"s":[100.139,100.139,100],"t":47},{"s":[100.045,100.045,100],"t":53}]},"sk":{"a":0,"k":0},"p":{"a":0,"k":[261.605,302,0],"ix":2},"r":{"a":1,"k":[{"o":{"x":0,"y":0},"i":{"x":1,"y":1},"s":[132],"t":14},{"o":{"x":0,"y":0},"i":{"x":1,"y":1},"s":[129.143],"t":15},{"o":{"x":0,"y":0},"i":{"x":1,"y":1},"s":[121.865],"t":16},{"o":{"x":0,"y":0},"i":{"x":1,"y":1},"s":[111.445],"t":17},{"o":{"x":0,"y":0},"i":{"x":1,"y":1},"s":[98.673],"t":18},{"o":{"x":0,"y":0},"i":{"x":1,"y":1},"s":[84.092],"t":19},{"o":{"x":0,"y":0},"i":{"x":1,"y":1},"s":[68.122],"t":20},{"o":{"x":0,"y":0},"i":{"x":1,"y":1},"s":[51.128],"t":21},{"o":{"x":0,"y":0},"i":{"x":1,"y":1},"s":[15.893],"t":23},{"o":{"x":0,"y":0},"i":{"x":1,"y":1},"s":[0],"t":24},{"o":{"x":0,"y":0},"i":{"x":1,"y":1},"s":[-9.553],"t":25},{"o":{"x":0,"y":0},"i":{"x":1,"y":1},"s":[-15.037],"t":26},{"o":{"x":0,"y":0},"i":{"x":1,"y":1},"s":[-17.265],"t":27},{"o":{"x":0,"y":0},"i":{"x":1,"y":1},"s":[-17.096],"t":28},{"o":{"x":0,"y":0},"i":{"x":1,"y":1},"s":[-15.337],"t":29},{"o":{"x":0,"y":0},"i":{"x":1,"y":1},"s":[-12.681],"t":30},{"o":{"x":0,"y":0},"i":{"x":1,"y":1},"s":[-9.679],"t":31},{"o":{"x":0,"y":0},"i":{"x":1,"y":1},"s":[-6.735],"t":32},{"o":{"x":0,"y":0},"i":{"x":1,"y":1},"s":[-4.113],"t":33},{"o":{"x":0,"y":0},"i":{"x":1,"y":1},"s":[-1.959],"t":34},{"o":{"x":0,"y":0},"i":{"x":1,"y":1},"s":[-0.327],"t":35},{"o":{"x":0,"y":0},"i":{"x":1,"y":1},"s":[0.798],"t":36},{"o":{"x":0,"y":0},"i":{"x":1,"y":1},"s":[1.476],"t":37},{"o":{"x":0,"y":0},"i":{"x":1,"y":1},"s":[1.788],"t":38},{"o":{"x":0,"y":0},"i":{"x":1,"y":1},"s":[1.825],"t":39},{"o":{"x":0,"y":0},"i":{"x":1,"y":1},"s":[1.674],"t":40},{"o":{"x":0,"y":0},"i":{"x":1,"y":1},"s":[1.412],"t":41},{"o":{"x":0,"y":0},"i":{"x":1,"y":1},"s":[1.1],"t":42},{"o":{"x":0,"y":0},"i":{"x":1,"y":1},"s":[0.785],"t":43},{"o":{"x":0,"y":0},"i":{"x":1,"y":1},"s":[0.498],"t":44},{"o":{"x":0,"y":0},"i":{"x":1,"y":1},"s":[0.258],"t":45},{"o":{"x":0,"y":0},"i":{"x":1,"y":1},"s":[0.072],"t":46},{"o":{"x":0,"y":0},"i":{"x":1,"y":1},"s":[-0.059],"t":47},{"o":{"x":0,"y":0},"i":{"x":1,"y":1},"s":[-0.142],"t":48},{"o":{"x":0,"y":0},"i":{"x":1,"y":1},"s":[-0.183],"t":49},{"o":{"x":0,"y":0},"i":{"x":1,"y":1},"s":[-0.194],"t":50},{"o":{"x":0,"y":0},"i":{"x":1,"y":1},"s":[-0.182],"t":51},{"o":{"x":0,"y":0},"i":{"x":1,"y":1},"s":[-0.156],"t":52},{"o":{"x":0,"y":0},"i":{"x":1,"y":1},"s":[-0.124],"t":53},{"o":{"x":0,"y":0},"i":{"x":1,"y":1},"s":[-0.091],"t":54},{"o":{"x":0,"y":0},"i":{"x":1,"y":1},"s":[-0.06],"t":55},{"o":{"x":0,"y":0},"i":{"x":1,"y":1},"s":[-0.033],"t":56},{"o":{"x":0,"y":0},"i":{"x":1,"y":1},"s":[-0.012],"t":57},{"o":{"x":0,"y":0},"i":{"x":1,"y":1},"s":[0.003],"t":58},{"o":{"x":0,"y":0},"i":{"x":1,"y":1},"s":[0.013],"t":59},{"s":[0.019],"t":60}]},"sa":{"a":0,"k":0},"o":{"a":0,"k":100,"ix":11}},"ef":[{"ty":0,"mn":"Pseudo/MDS Elastic Controller","nm":"Elastic Controller","ix":1,"en":1,"ef":[{"ty":0,"mn":"Pseudo/MDS Elastic Controller-0001","nm":"Amplitude","ix":1,"v":{"a":0,"k":20,"ix":1}},{"ty":0,"mn":"Pseudo/MDS Elastic Controller-0002","nm":"Frequency","ix":2,"v":{"a":0,"k":40,"ix":2}},{"ty":0,"mn":"Pseudo/MDS Elastic Controller-0003","nm":"Decay","ix":3,"v":{"a":0,"k":60,"ix":3}}]}],"shapes":[{"ty":"gr","bm":0,"hd":false,"mn":"ADBE Vector Group","nm":"Group 1","ix":1,"cix":2,"np":3,"it":[{"ty":"gr","bm":0,"hd":false,"mn":"ADBE Vector Group","nm":"Group 1","ix":1,"cix":2,"np":2,"it":[{"ty":"sh","bm":0,"hd":false,"mn":"ADBE Vector Shape - Group","nm":"Path 1","ix":1,"d":1,"ks":{"a":0,"k":{"c":false,"i":[[0,0],[0,0]],"o":[[0,0],[0,0]],"v":[[10.319,-5.957],[-10.319,5.957]]},"ix":2}},{"ty":"st","bm":0,"hd":false,"mn":"ADBE Vector Graphic - Stroke","nm":"Stroke 1","lc":2,"lj":1,"ml":10,"o":{"a":0,"k":100,"ix":4},"w":{"a":0,"k":8,"ix":5},"c":{"a":0,"k":[0.0902,0.8157,0.1608],"ix":3}},{"ty":"tr","a":{"a":0,"k":[0,0],"ix":1},"s":{"a":0,"k":[100,100],"ix":3},"sk":{"a":0,"k":0,"ix":4},"p":{"a":0,"k":[251.732,228.213],"ix":2},"r":{"a":0,"k":0,"ix":6},"sa":{"a":0,"k":0,"ix":5},"o":{"a":0,"k":100,"ix":7}}]},{"ty":"gr","bm":0,"hd":false,"mn":"ADBE Vector Group","nm":"Group 2","ix":2,"cix":2,"np":2,"it":[{"ty":"sh","bm":0,"hd":false,"mn":"ADBE Vector Shape - Group","nm":"Path 1","ix":1,"d":1,"ks":{"a":0,"k":{"c":false,"i":[[0,0],[0,0]],"o":[[0,0],[0,0]],"v":[[10.319,5.957],[-10.319,-5.957]]},"ix":2}},{"ty":"st","bm":0,"hd":false,"mn":"ADBE Vector Graphic - Stroke","nm":"Stroke 1","lc":2,"lj":1,"ml":10,"o":{"a":0,"k":100,"ix":4},"w":{"a":0,"k":8,"ix":5},"c":{"a":0,"k":[0.0902,0.8157,0.1608],"ix":3}},{"ty":"tr","a":{"a":0,"k":[0,0],"ix":1},"s":{"a":0,"k":[100,100],"ix":3},"sk":{"a":0,"k":0,"ix":4},"p":{"a":0,"k":[251.732,228.213],"ix":2},"r":{"a":0,"k":0,"ix":6},"sa":{"a":0,"k":0,"ix":5},"o":{"a":0,"k":100,"ix":7}}]},{"ty":"gr","bm":0,"hd":false,"mn":"ADBE Vector Group","nm":"Group 3","ix":3,"cix":2,"np":2,"it":[{"ty":"sh","bm":0,"hd":false,"mn":"ADBE Vector Shape - Group","nm":"Path 1","ix":1,"d":1,"ks":{"a":0,"k":{"c":false,"i":[[0,0],[0,0]],"o":[[0,0],[0,0]],"v":[[0,11.915],[0,-11.915]]},"ix":2}},{"ty":"st","bm":0,"hd":false,"mn":"ADBE Vector Graphic - Stroke","nm":"Stroke 1","lc":2,"lj":1,"ml":10,"o":{"a":0,"k":100,"ix":4},"w":{"a":0,"k":8,"ix":5},"c":{"a":0,"k":[0.0902,0.8157,0.1608],"ix":3}},{"ty":"tr","a":{"a":0,"k":[0,0],"ix":1},"s":{"a":0,"k":[100,100],"ix":3},"sk":{"a":0,"k":0,"ix":4},"p":{"a":0,"k":[251.732,228.213],"ix":2},"r":{"a":0,"k":0,"ix":6},"sa":{"a":0,"k":0,"ix":5},"o":{"a":0,"k":100,"ix":7}}]},{"ty":"tr","a":{"a":0,"k":[251.732,228.213],"ix":1},"s":{"a":0,"k":[100,100],"ix":3},"sk":{"a":0,"k":0,"ix":4},"p":{"a":0,"k":[251.732,228.213],"ix":2},"r":{"a":0,"k":0,"ix":6},"sa":{"a":0,"k":0,"ix":5},"o":{"a":0,"k":100,"ix":7}}]},{"ty":"gr","bm":0,"hd":false,"mn":"ADBE Vector Group","nm":"Group 2","ix":2,"cix":2,"np":3,"it":[{"ty":"gr","bm":0,"hd":false,"mn":"ADBE Vector Group","nm":"Group 1","ix":1,"cix":2,"np":2,"it":[{"ty":"sh","bm":0,"hd":false,"mn":"ADBE Vector Shape - Group","nm":"Path 1","ix":1,"d":1,"ks":{"a":0,"k":{"c":false,"i":[[0,0],[0,0]],"o":[[0,0],[0,0]],"v":[[10.319,-5.957],[-10.319,5.957]]},"ix":2}},{"ty":"st","bm":0,"hd":false,"mn":"ADBE Vector Graphic - Stroke","nm":"Stroke 1","lc":2,"lj":1,"ml":10,"o":{"a":0,"k":100,"ix":4},"w":{"a":0,"k":8,"ix":5},"c":{"a":0,"k":[0.0902,0.8157,0.1608],"ix":3}},{"ty":"tr","a":{"a":0,"k":[0,0],"ix":1},"s":{"a":0,"k":[100,100],"ix":3},"sk":{"a":0,"k":0,"ix":4},"p":{"a":0,"k":[292.649,228.213],"ix":2},"r":{"a":0,"k":0,"ix":6},"sa":{"a":0,"k":0,"ix":5},"o":{"a":0,"k":100,"ix":7}}]},{"ty":"gr","bm":0,"hd":false,"mn":"ADBE Vector Group","nm":"Group 2","ix":2,"cix":2,"np":2,"it":[{"ty":"sh","bm":0,"hd":false,"mn":"ADBE Vector Shape - Group","nm":"Path 1","ix":1,"d":1,"ks":{"a":0,"k":{"c":false,"i":[[0,0],[0,0]],"o":[[0,0],[0,0]],"v":[[10.319,5.957],[-10.319,-5.957]]},"ix":2}},{"ty":"st","bm":0,"hd":false,"mn":"ADBE Vector Graphic - Stroke","nm":"Stroke 1","lc":2,"lj":1,"ml":10,"o":{"a":0,"k":100,"ix":4},"w":{"a":0,"k":8,"ix":5},"c":{"a":0,"k":[0.0902,0.8157,0.1608],"ix":3}},{"ty":"tr","a":{"a":0,"k":[0,0],"ix":1},"s":{"a":0,"k":[100,100],"ix":3},"sk":{"a":0,"k":0,"ix":4},"p":{"a":0,"k":[292.649,228.213],"ix":2},"r":{"a":0,"k":0,"ix":6},"sa":{"a":0,"k":0,"ix":5},"o":{"a":0,"k":100,"ix":7}}]},{"ty":"gr","bm":0,"hd":false,"mn":"ADBE Vector Group","nm":"Group 3","ix":3,"cix":2,"np":2,"it":[{"ty":"sh","bm":0,"hd":false,"mn":"ADBE Vector Shape - Group","nm":"Path 1","ix":1,"d":1,"ks":{"a":0,"k":{"c":false,"i":[[0,0],[0,0]],"o":[[0,0],[0,0]],"v":[[0,11.915],[0,-11.915]]},"ix":2}},{"ty":"st","bm":0,"hd":false,"mn":"ADBE Vector Graphic - Stroke","nm":"Stroke 1","lc":2,"lj":1,"ml":10,"o":{"a":0,"k":100,"ix":4},"w":{"a":0,"k":8,"ix":5},"c":{"a":0,"k":[0.0902,0.8157,0.1608],"ix":3}},{"ty":"tr","a":{"a":0,"k":[0,0],"ix":1},"s":{"a":0,"k":[100,100],"ix":3},"sk":{"a":0,"k":0,"ix":4},"p":{"a":0,"k":[292.649,228.213],"ix":2},"r":{"a":0,"k":0,"ix":6},"sa":{"a":0,"k":0,"ix":5},"o":{"a":0,"k":100,"ix":7}}]},{"ty":"tr","a":{"a":0,"k":[292.649,228.213],"ix":1},"s":{"a":0,"k":[100,100],"ix":3},"sk":{"a":0,"k":0,"ix":4},"p":{"a":0,"k":[292.649,228.213],"ix":2},"r":{"a":0,"k":0,"ix":6},"sa":{"a":0,"k":0,"ix":5},"o":{"a":0,"k":100,"ix":7}}]},{"ty":"gr","bm":0,"hd":false,"mn":"ADBE Vector Group","nm":"Group 3","ix":3,"cix":2,"np":3,"it":[{"ty":"gr","bm":0,"hd":false,"mn":"ADBE Vector Group","nm":"Group 1","ix":1,"cix":2,"np":2,"it":[{"ty":"sh","bm":0,"hd":false,"mn":"ADBE Vector Shape - Group","nm":"Path 1","ix":1,"d":1,"ks":{"a":0,"k":{"c":false,"i":[[0,0],[0,0]],"o":[[0,0],[0,0]],"v":[[10.319,-5.957],[-10.319,5.957]]},"ix":2}},{"ty":"st","bm":0,"hd":false,"mn":"ADBE Vector Graphic - Stroke","nm":"Stroke 1","lc":2,"lj":1,"ml":10,"o":{"a":0,"k":100,"ix":4},"w":{"a":0,"k":8,"ix":5},"c":{"a":0,"k":[0.0902,0.8157,0.1608],"ix":3}},{"ty":"tr","a":{"a":0,"k":[0,0],"ix":1},"s":{"a":0,"k":[100,100],"ix":3},"sk":{"a":0,"k":0,"ix":4},"p":{"a":0,"k":[333.565,228.213],"ix":2},"r":{"a":0,"k":0,"ix":6},"sa":{"a":0,"k":0,"ix":5},"o":{"a":0,"k":100,"ix":7}}]},{"ty":"gr","bm":0,"hd":false,"mn":"ADBE Vector Group","nm":"Group 2","ix":2,"cix":2,"np":2,"it":[{"ty":"sh","bm":0,"hd":false,"mn":"ADBE Vector Shape - Group","nm":"Path 1","ix":1,"d":1,"ks":{"a":0,"k":{"c":false,"i":[[0,0],[0,0]],"o":[[0,0],[0,0]],"v":[[10.319,5.957],[-10.319,-5.957]]},"ix":2}},{"ty":"st","bm":0,"hd":false,"mn":"ADBE Vector Graphic - Stroke","nm":"Stroke 1","lc":2,"lj":1,"ml":10,"o":{"a":0,"k":100,"ix":4},"w":{"a":0,"k":8,"ix":5},"c":{"a":0,"k":[0.0902,0.8157,0.1608],"ix":3}},{"ty":"tr","a":{"a":0,"k":[0,0],"ix":1},"s":{"a":0,"k":[100,100],"ix":3},"sk":{"a":0,"k":0,"ix":4},"p":{"a":0,"k":[333.565,228.213],"ix":2},"r":{"a":0,"k":0,"ix":6},"sa":{"a":0,"k":0,"ix":5},"o":{"a":0,"k":100,"ix":7}}]},{"ty":"gr","bm":0,"hd":false,"mn":"ADBE Vector Group","nm":"Group 3","ix":3,"cix":2,"np":2,"it":[{"ty":"sh","bm":0,"hd":false,"mn":"ADBE Vector Shape - Group","nm":"Path 1","ix":1,"d":1,"ks":{"a":0,"k":{"c":false,"i":[[0,0],[0,0]],"o":[[0,0],[0,0]],"v":[[0,11.915],[0,-11.915]]},"ix":2}},{"ty":"st","bm":0,"hd":false,"mn":"ADBE Vector Graphic - Stroke","nm":"Stroke 1","lc":2,"lj":1,"ml":10,"o":{"a":0,"k":100,"ix":4},"w":{"a":0,"k":8,"ix":5},"c":{"a":0,"k":[0.0902,0.8157,0.1608],"ix":3}},{"ty":"tr","a":{"a":0,"k":[0,0],"ix":1},"s":{"a":0,"k":[100,100],"ix":3},"sk":{"a":0,"k":0,"ix":4},"p":{"a":0,"k":[333.565,228.213],"ix":2},"r":{"a":0,"k":0,"ix":6},"sa":{"a":0,"k":0,"ix":5},"o":{"a":0,"k":100,"ix":7}}]},{"ty":"tr","a":{"a":0,"k":[333.565,228.213],"ix":1},"s":{"a":0,"k":[100,100],"ix":3},"sk":{"a":0,"k":0,"ix":4},"p":{"a":0,"k":[333.565,228.213],"ix":2},"r":{"a":0,"k":0,"ix":6},"sa":{"a":0,"k":0,"ix":5},"o":{"a":0,"k":100,"ix":7}}]},{"ty":"gr","bm":0,"hd":false,"mn":"ADBE Vector Group","nm":"Group 4","ix":4,"cix":2,"np":3,"it":[{"ty":"gr","bm":0,"hd":false,"mn":"ADBE Vector Group","nm":"Group 1","ix":1,"cix":2,"np":2,"it":[{"ty":"sh","bm":0,"hd":false,"mn":"ADBE Vector Shape - Group","nm":"Path 1","ix":1,"d":1,"ks":{"a":0,"k":{"c":false,"i":[[0,0],[0,0]],"o":[[0,0],[0,0]],"v":[[10.319,-5.957],[-10.319,5.957]]},"ix":2}},{"ty":"st","bm":0,"hd":false,"mn":"ADBE Vector Graphic - Stroke","nm":"Stroke 1","lc":2,"lj":1,"ml":10,"o":{"a":0,"k":100,"ix":4},"w":{"a":0,"k":8,"ix":5},"c":{"a":0,"k":[0.0902,0.8157,0.1608],"ix":3}},{"ty":"tr","a":{"a":0,"k":[0,0],"ix":1},"s":{"a":0,"k":[100,100],"ix":3},"sk":{"a":0,"k":0,"ix":4},"p":{"a":0,"k":[374.481,228.213],"ix":2},"r":{"a":0,"k":0,"ix":6},"sa":{"a":0,"k":0,"ix":5},"o":{"a":0,"k":100,"ix":7}}]},{"ty":"gr","bm":0,"hd":false,"mn":"ADBE Vector Group","nm":"Group 2","ix":2,"cix":2,"np":2,"it":[{"ty":"sh","bm":0,"hd":false,"mn":"ADBE Vector Shape - Group","nm":"Path 1","ix":1,"d":1,"ks":{"a":0,"k":{"c":false,"i":[[0,0],[0,0]],"o":[[0,0],[0,0]],"v":[[10.319,5.957],[-10.319,-5.957]]},"ix":2}},{"ty":"st","bm":0,"hd":false,"mn":"ADBE Vector Graphic - Stroke","nm":"Stroke 1","lc":2,"lj":1,"ml":10,"o":{"a":0,"k":100,"ix":4},"w":{"a":0,"k":8,"ix":5},"c":{"a":0,"k":[0.0902,0.8157,0.1608],"ix":3}},{"ty":"tr","a":{"a":0,"k":[0,0],"ix":1},"s":{"a":0,"k":[100,100],"ix":3},"sk":{"a":0,"k":0,"ix":4},"p":{"a":0,"k":[374.481,228.213],"ix":2},"r":{"a":0,"k":0,"ix":6},"sa":{"a":0,"k":0,"ix":5},"o":{"a":0,"k":100,"ix":7}}]},{"ty":"gr","bm":0,"hd":false,"mn":"ADBE Vector Group","nm":"Group 3","ix":3,"cix":2,"np":2,"it":[{"ty":"sh","bm":0,"hd":false,"mn":"ADBE Vector Shape - Group","nm":"Path 1","ix":1,"d":1,"ks":{"a":0,"k":{"c":false,"i":[[0,0],[0,0]],"o":[[0,0],[0,0]],"v":[[0,11.915],[0,-11.915]]},"ix":2}},{"ty":"st","bm":0,"hd":false,"mn":"ADBE Vector Graphic - Stroke","nm":"Stroke 1","lc":2,"lj":1,"ml":10,"o":{"a":0,"k":100,"ix":4},"w":{"a":0,"k":8,"ix":5},"c":{"a":0,"k":[0.0902,0.8157,0.1608],"ix":3}},{"ty":"tr","a":{"a":0,"k":[0,0],"ix":1},"s":{"a":0,"k":[100,100],"ix":3},"sk":{"a":0,"k":0,"ix":4},"p":{"a":0,"k":[374.481,228.213],"ix":2},"r":{"a":0,"k":0,"ix":6},"sa":{"a":0,"k":0,"ix":5},"o":{"a":0,"k":100,"ix":7}}]},{"ty":"tr","a":{"a":0,"k":[374.481,228.213],"ix":1},"s":{"a":0,"k":[100,100],"ix":3},"sk":{"a":0,"k":0,"ix":4},"p":{"a":0,"k":[374.481,228.213],"ix":2},"r":{"a":0,"k":0,"ix":6},"sa":{"a":0,"k":0,"ix":5},"o":{"a":0,"k":100,"ix":7}}]},{"ty":"gr","bm":0,"hd":false,"mn":"ADBE Vector Group","nm":"Group 5","ix":5,"cix":2,"np":2,"it":[{"ty":"sh","bm":0,"hd":false,"mn":"ADBE Vector Shape - Group","nm":"Path 1","ix":1,"d":1,"ks":{"a":0,"k":{"c":true,"i":[[5.076,0],[0,0],[0,0],[0,0],[0,0],[0,5.076],[0,0],[-5.076,0],[0,0],[0,-5.076],[0,0]],"o":[[0,0],[0,0],[0,0],[0,0],[-5.076,0],[0,0],[0,-5.076],[0,0],[5.076,0],[0,0],[0,5.076]],"v":[[85.957,22.085],[-16.17,22.085],[-51.234,57.234],[-51.319,22.085],[-85.957,22.085],[-95.149,12.894],[-95.149,-48.043],[-85.957,-57.234],[85.957,-57.234],[95.149,-48.043],[95.149,12.894]]},"ix":2}},{"ty":"fl","bm":0,"hd":false,"mn":"ADBE Vector Graphic - Fill","nm":"Fill 1","c":{"a":0,"k":[1,1,1],"ix":4},"r":1,"o":{"a":0,"k":100,"ix":5}},{"ty":"tr","a":{"a":0,"k":[0,0],"ix":1},"s":{"a":0,"k":[100,100],"ix":3},"sk":{"a":0,"k":0,"ix":4},"p":{"a":0,"k":[312.839,244.766],"ix":2},"r":{"a":0,"k":0,"ix":6},"sa":{"a":0,"k":0,"ix":5},"o":{"a":0,"k":100,"ix":7}}]}],"ind":1},{"ty":4,"nm":"Phone","sr":1,"st":10,"op":310,"ip":10,"hd":false,"ddd":0,"bm":0,"hasMask":false,"ao":0,"ks":{"a":{"a":0,"k":[231.477,250,0],"ix":1},"s":{"a":0,"k":[100,100,100],"ix":6},"sk":{"a":0,"k":0},"p":{"a":1,"k":[{"o":{"x":0.333,"y":0},"i":{"x":0,"y":1},"s":[231.477,450,0],"t":10,"ti":[0,33.333,0],"to":[0,-33.333,0]},{"s":[231.477,250,0],"t":30}],"ix":2},"r":{"a":0,"k":0,"ix":10},"sa":{"a":0,"k":0},"o":{"a":1,"k":[{"o":{"x":0.333,"y":0},"i":{"x":0,"y":1},"s":[0],"t":10},{"s":[100],"t":30}],"ix":11}},"ef":[],"shapes":[{"ty":"gr","bm":0,"hd":false,"mn":"ADBE Vector Group","nm":"Group 1","ix":1,"cix":2,"np":2,"it":[{"ty":"sh","bm":0,"hd":false,"mn":"ADBE Vector Shape - Group","nm":"Path 1","ix":1,"d":1,"ks":{"a":0,"k":{"c":true,"i":[[7.484,0],[0,0],[0,7.484],[0,0],[0,0],[0,0]],"o":[[0,0],[-7.484,0],[0,0],[0,0],[0,0],[0,7.484]],"v":[[14.138,6.803],[-14.138,6.803],[-27.745,-6.803],[-27.745,-6.803],[27.745,-6.803],[27.745,-6.803]]},"ix":2}},{"ty":"fl","bm":0,"hd":false,"mn":"ADBE Vector Graphic - Fill","nm":"Fill 1","c":{"a":0,"k":[1,1,1],"ix":4},"r":1,"o":{"a":0,"k":100,"ix":5}},{"ty":"tr","a":{"a":0,"k":[0,0],"ix":1},"s":{"a":0,"k":[100,100],"ix":3},"sk":{"a":0,"k":0,"ix":4},"p":{"a":0,"k":[231.307,132.644],"ix":2},"r":{"a":0,"k":0,"ix":6},"sa":{"a":0,"k":0,"ix":5},"o":{"a":0,"k":100,"ix":7}}]},{"ty":"gr","bm":0,"hd":false,"mn":"ADBE Vector Group","nm":"Group 2","ix":2,"cix":2,"np":2,"it":[{"ty":"sh","bm":0,"hd":false,"mn":"ADBE Vector Shape - Group","nm":"Path 1","ix":1,"d":1,"ks":{"a":0,"k":{"c":true,"i":[[0,0],[0,-8.218],[0,0],[-8.218,0],[0,0],[0,8.218],[0,0],[8.219,0]],"o":[[-8.218,0],[0,0],[0,8.218],[0,0],[8.219,0],[0,0],[0,-8.218],[0,0]],"v":[[-49.021,-123.16],[-63.926,-108.255],[-63.926,108.255],[-49.021,123.16],[49.021,123.16],[63.926,108.255],[63.926,-108.255],[49.021,-123.16]]},"ix":2}},{"ty":"fl","bm":0,"hd":false,"mn":"ADBE Vector Graphic - Fill","nm":"Fill 1","c":{"a":0,"k":[0.502,0.502,0.502],"ix":4},"r":1,"o":{"a":0,"k":100,"ix":5}},{"ty":"tr","a":{"a":0,"k":[0,0],"ix":1},"s":{"a":0,"k":[100,100],"ix":3},"sk":{"a":0,"k":0,"ix":4},"p":{"a":0,"k":[231.477,250],"ix":2},"r":{"a":0,"k":0,"ix":6},"sa":{"a":0,"k":0,"ix":5},"o":{"a":0,"k":100,"ix":7}}]},{"ty":"gr","bm":0,"hd":false,"mn":"ADBE Vector Group","nm":"Group 3","ix":3,"cix":2,"np":2,"it":[{"ty":"sh","bm":0,"hd":false,"mn":"ADBE Vector Shape - Group","nm":"Path 1","ix":1,"d":1,"ks":{"a":0,"k":{"c":true,"i":[[13.181,0],[0,0],[0,13.181],[0,0],[-13.181,0],[0,0],[0,-13.181],[0,0]],"o":[[0,0],[-13.181,0],[0,0],[0,-13.181],[0,0],[13.181,0],[0,0],[0,13.181]],"v":[[49.021,132.16],[-49.021,132.16],[-72.926,108.255],[-72.926,-108.255],[-49.021,-132.16],[49.021,-132.16],[72.926,-108.255],[72.926,108.255]]},"ix":2}},{"ty":"fl","bm":0,"hd":false,"mn":"ADBE Vector Graphic - Fill","nm":"Fill 1","c":{"a":0,"k":[1,1,1],"ix":4},"r":1,"o":{"a":0,"k":100,"ix":5}},{"ty":"tr","a":{"a":0,"k":[0,0],"ix":1},"s":{"a":0,"k":[100,100],"ix":3},"sk":{"a":0,"k":0,"ix":4},"p":{"a":0,"k":[231.477,250],"ix":2},"r":{"a":0,"k":0,"ix":6},"sa":{"a":0,"k":0,"ix":5},"o":{"a":0,"k":100,"ix":7}}]}],"ind":2}],"v":"5.9.6","fr":30,"op":61,"ip":0,"assets":[]}